{"cameraMode":{"drawMode":0,"name":"Shaded","section":"Shading Mode"},"sceneLighting":false,"audioPlay":false,"sceneViewState":{"m_AlwaysRefresh":false,"showFog":true,"showSkybox":false,"showFlares":true,"showImageEffects":true,"showParticleSystems":true,"showVisualEffectGraphs":true,"m_FxEnabled":true},"in2DMode":false,"pivot":{"x":0.7605238556861877,"y":0.30065780878067019,"z":-0.4145119786262512},"rotation":{"x":-0.17169375717639924,"y":-0.7029600143432617,"z":0.18122485280036927,"w":-0.6659826040267944},"size":0.1732080578804016,"orthographic":false}