{"cameraMode":{"drawMode":0,"name":"Shaded","section":"Shading Mode"},"sceneLighting":false,"audioPlay":false,"sceneViewState":{"m_AlwaysRefresh":false,"showFog":true,"showSkybox":false,"showFlares":true,"showImageEffects":true,"showParticleSystems":true,"showVisualEffectGraphs":true,"m_FxEnabled":true},"in2DMode":false,"pivot":{"x":-0.03694164752960205,"y":0.03257066011428833,"z":-0.06321042031049729},"rotation":{"x":-0.14344948530197144,"y":-0.7885147929191589,"z":0.20075781643390656,"w":-0.5633965730667114},"size":0.4352501332759857,"orthographic":false}