{"cameraMode":{"drawMode":0,"name":"Shaded","section":"Shading Mode"},"sceneLighting":false,"audioPlay":false,"sceneViewState":{"m_AlwaysRefresh":false,"showFog":true,"showSkybox":false,"showFlares":true,"showImageEffects":true,"showParticleSystems":true,"showVisualEffectGraphs":true,"m_FxEnabled":true},"in2DMode":false,"pivot":{"x":-0.0025746822357177736,"y":-0.04395866394042969,"z":-0.028464555740356447},"rotation":{"x":-0.14344948530197144,"y":-0.7885147929191589,"z":0.20075781643390656,"w":-0.5633965730667114},"size":6.353501319885254,"orthographic":false}