{"cameraMode":{"drawMode":0,"name":"Shaded","section":"Shading Mode"},"sceneLighting":false,"audioPlay":false,"sceneViewState":{"m_AlwaysRefresh":false,"showFog":true,"showSkybox":true,"showFlares":true,"showImageEffects":true,"showParticleSystems":true,"showVisualEffectGraphs":true,"m_FxEnabled":true},"in2DMode":false,"pivot":{"x":55.18511199951172,"y":230.53599548339845,"z":-11.499898910522461},"rotation":{"x":-0.005687449127435684,"y":0.02699212171137333,"z":0.00018922427261713892,"w":0.9996646046638489},"size":365.2903137207031,"orthographic":false}